Country Name,Country Code,Series Name,Series Code,1989,1990,1991,1992,1993,1994,1995,1996,1997,1998,1999,2000,2001,2002,2003,2004,2005,2006,2007,2008,2009,2010,2011,2012,2013,2014,2015,2016,2017,2018,2019,2020,2021,2022,2023
Russian Federation,RUS,GDP (current US$),NY.GDP.MKTP.CD,506631299734.748,517014446227.929,517962962962.963,460290556900.726,435083713850.837,395077301248.464,395537185734.854,391724890744.498,404928954191.876,270955486862.442,195907128350.934,259710142196.943,306602070620.5,345470494417.863,430347420184.885,591016690732.385,764015973481.11,989932071352.543,1299703478481.65,1660848058303.11,1222645900055.7,1524916715223.95,2045922753398.04,2208293553878.42,2292470078346.22,2059241589895.01,1363482182197.71,1276786350881.14,1574199360089,1657328773461.31,1693115002708.32,1493075894362.14,1843392293734.38,2266029240645.34,2021421476035.42
Russian Federation,RUS,GDP growth (annual %),NY.GDP.MKTP.KD.ZG,..,-2.99999564243126,-5.04693945142462,-14.5310737729264,-8.66854034260423,-12.5697559802151,-4.1435284052602,-3.7550694383594,1.3999158052963,-5.2999616266239,6.39991469144101,10.0000668136515,5.10005122572568,4.69999190914258,7.29995234528189,7.19994786954857,6.39996544799469,8.20006825456321,8.49997776916511,5.19996926404957,-7.79999391271275,4.49999999920672,4.30002918567749,4.02408615746921,1.75542214874298,0.736267221765672,-1.97271922580408,0.193690071260534,1.82579006401834,2.80724541059601,2.19807571335009,-2.65365450102773,5.61429037578345,-2.06971152527731,3.60000000000001
Russian Federation,RUS,Births attended by skilled health staff (% of total),SH.STA.BRTC.ZS,99.2,99.2,99.2,99.1,99.1,99.1,99.1,99.1,99.1,99.1,99.1,99.2,99.3,99.3,99.4,99.4,99.4,99.5,99.6,99.6,99.7,99.7,99.7,99.7,99.7,99.7,99.7,99.7,99.7,99.7,99.7,99.6,..,..,..
Russian Federation,RUS,"Birth rate, crude (per 1,000 people)",SP.DYN.CBRT.IN,14.6,13.4,12.1,10.7,9.4,9.5,9.3,8.9,8.6,8.8,8.3,8.7,9,9.7,10.2,10.4,10.2,10.3,11.3,12,12.3,12.5,12.6,13.3,13.2,13.3,13.3,12.9,11.5,10.9,10.1,9.8,9.6,8.9,8.6
Russian Federation,RUS,"Borrowers from commercial banks (per 1,000 adults)",FB.CBK.BRWR.P3,..,..,..,..,..,..,..,..,..,..,..,..,..,..,..,..,..,..,..,..,..,..,..,..,..,..,..,..,..,..,..,..,..,..,..
Russian Federation,RUS,Unemployment with advanced education (% of total labor force with advanced education),SL.UEM.ADVN.ZS,..,..,..,..,..,..,..,..,..,10.11,..,..,..,12.19,11.8,5.06,..,4.53,3.74,3.99,5.49,7.215,6.412,5.404,5.425,5.061,5.387,5.459,5.05,4.796,4.451,5.608,4.687,2.597,1.877
Russian Federation,RUS,Unemployment with basic education (% of total labor force with basic education),SL.UEM.BASC.ZS,..,..,..,..,..,..,..,..,..,19.16,..,..,..,14.62,13.96,15.97,..,15.2,13.15,14.88,18,16.723,16.415,13.773,13.697,13.301,13.911,14.081,13.592,12.771,10.983,12.61,11.347,9.606,8.264
Russian Federation,RUS,"Trained teachers in secondary education, female (% of female teachers)",SE.SEC.TCAQ.FE.ZS,..,..,..,..,..,..,..,..,..,..,..,..,..,..,..,..,..,..,..,..,..,..,..,..,..,..,..,..,..,..,..,..,..,..,..
Russian Federation,RUS,Trained teachers in secondary education (% of total teachers),SE.SEC.TCAQ.ZS,..,..,..,..,..,..,..,..,..,..,..,..,..,..,..,..,..,..,..,..,..,..,..,..,..,..,..,..,..,..,..,..,..,..,80.1106796264648
Russian Federation,RUS,Imports of goods and services (% of GDP),NE.IMP.GNFS.ZS,21.0122164048866,17.9447376591121,12.9853414372542,48.2546028406102,30.4938487551746,23.1953336062219,25.8938941161638,21.8495126891282,22.527079880846,24.5510478117966,26.1733129859875,24.0334657318409,24.2173650683869,24.432851668898,23.8782872318208,22.1639613429458,21.5101825254241,21.0029264232898,21.5420622609236,22.072905707322,20.496959823666,21.1399447022831,19.9800379279369,20.2440700464294,20.441812574244,20.6902442110591,20.6559598687647,20.6636368626929,20.7856433573743,20.7876435683221,20.7953229819275,20.4447226915578,20.4252266104753,15.2329856559408,18.7455221845073
Russian Federation,RUS,"Industry (including construction), value added (annual % growth)",NV.IND.TOTL.KD.ZG,..,..,-7.29114533276972,-21.5960193055542,-13.2478920074537,-19.8610164969293,-4.55167414157667,-5.57288320581264,0.879612563001103,-5.059474741722,9.48296379520291,12.1413378651062,5.7707828899054,3.76192293069815,9.05072809537771,9.70930318464325,4.0875222311372,4.48658253119835,4.8072454304843,1.8511445927129,-10.4103792003199,6.61153675286013,6.39288357720984,3.60255631269706,0.403355363766678,0.0918552686770937,-0.783756848575351,1.68256100392014,1.80715293555849,2.8824969096906,1.5506194525186,-2.74672745776898,5.31283825356552,-0.171597021201578,3.55639522974268
Russian Federation,RUS,Current health expenditure (% of GDP),SH.XPD.CHEX.GD.ZS,..,..,..,..,..,..,..,..,..,..,..,5.01989794,5.24284792,5.52166557,5.16368914,4.7603755,4.77177477,4.76654387,4.74792528,4.90364122,5.64392471,4.97111797,4.79491472,4.93637609,5.08104897,5.18209648,5.29604387,5.28970242,5.35889816,5.35520792,5.64849091,8.04076004,6.97584295,6.91986275,..
Russian Federation,RUS,"Life expectancy at birth, total (years)",SP.DYN.LE00.IN,69.1717073170732,68.8860975609756,68.4743902439024,66.8731707317073,64.9358536585366,64.4670731707317,64.6907317073171,65.8541463414634,66.6987804878049,67.029756097561,65.9821951219512,65.4836585365854,65.3834146341463,65.1287804878049,65.0275609756098,65.4709756097561,65.529756097561,66.7275609756098,67.5868292682927,67.9492682926829,68.6846341463415,68.8412195121951,69.6839024390244,70.0721951219512,70.5787804878049,70.7436585365854,71.1834146341463,71.6512195121951,72.4514634146342,72.6621951219512,73.0839024390244,71.3387804878049,69.900243902439,72.5456097560976,73.2546341463415
Russian Federation,RUS,Population growth (annual %),SP.POP.GROW,0.586603532881112,0.168017665366762,0.286681805330924,0.0969789790408762,-0.0534820276606834,-0.0342679070319955,-0.0216487632128753,-0.145451546598357,-0.165341653753189,-0.165486143348056,-0.309278191504336,-0.420614990249978,-0.424090524785415,-0.460024258081391,-0.453780668020263,-0.402681471328549,-0.381452794741516,-0.327445270108383,-0.17108203294568,-0.0439492591634852,0.030107060167659,0.0448964884428055,0.118045544446964,0.251575708072649,0.297503474179596,0.299667432459938,0.279352077762368,0.258751057379474,0.191382528772924,0.0721356165400605,0.037947213753429,-0.143202031827637,-0.343724409889771,-0.352843110363082,-0.285217600763343
Russian Federation,RUS,"Government expenditure on education, total (% of GDP)",SE.XPD.TOTL.GD.ZS,..,..,..,..,..,..,..,..,..,..,..,2.93979001045227,3.10601997375488,3.83502006530762,3.67853999137878,3.54786992073059,3.77192997932434,3.86626005172729,..,4.10174989700317,4.47064161300659,3.8476243019104,3.71261262893677,3.79310011863708,3.76382994651794,4.01387977600098,3.83402991294861,3.76044011116028,4.68990993499756,4.67819976806641,3.69561433792114,4.01641845703125,3.99480700492859,4.05402755737305,..
Russian Federation,RUS,"Goods imports (BoP, current US$)",BM.GSR.MRCH.CD,..,..,..,..,..,48102720000,60885170000,67652640000,71787980000,57539370000,37262370000,42130790000,51317150000,58418310000,73213780000,94244360000,123839020000,163187280000,223083530000,288672590000,183924120000,245679710000,318554760000,335771210000,341269230000,307875430000,193021130000,191494320000,238383890000,248856860000,253876740000,240088600000,301046910000,276509880767.412,302865156693.741
Russian Federation,RUS,Exports of goods and services (annual % growth),NE.EXP.GNFS.KD.ZG,..,..,-29.9760484684222,-28.6764689108002,2.11254541928012,12.5707620029162,11.5375436638531,3.6145101855513,-0.500155220499337,1.89974346482541,11.1995645373788,9.49947989850466,4.20031107088275,10.3000455800431,12.5997714835962,11.8001381780164,6.5000353992166,7.30004654255644,6.29981580666259,0.599852686170379,-4.70015012476462,7.00025425199931,0.300123459762602,1.36042166380135,4.56172779947288,0.510432046002023,3.67326230339928,3.16885489636786,5.01364318112,5.5542171784525,0.732544576447339,-4.17037731724965,3.28049543500286,-13.8867776512648,..
Russian Federation,RUS,"Death rate, crude (per 1,000 people)",SP.DYN.CDRT.IN,10.7,11.2,11.4,12.2,14.5,15.7,15,14.2,13.8,13.5,14.6,15.3,15.6,16.2,16.4,15.9,16.1,15.1,14.6,14.5,14.1,14.2,13.5,13.3,13,13.1,13,12.9,12.4,12.5,12.3,14.6,16.7,12.9,12.1
Russian Federation,RUS,"Educational attainment, at least Bachelor's or equivalent, population 25+, total (%) (cumulative)",SE.TER.CUAT.BA.ZS,..,..,..,..,..,..,..,..,..,..,..,..,..,..,..,..,..,..,..,..,..,59.2599983215332,..,..,..,..,..,..,..,..,..,..,41.2200012207031,..,..
Russian Federation,RUS,"Educational attainment, at least Bachelor's or equivalent, population 25+, female (%) (cumulative)",SE.TER.CUAT.BA.FE.ZS,..,..,..,..,..,..,..,..,..,..,..,..,..,..,..,..,..,..,..,..,..,60.9799995422363,..,..,..,..,..,..,..,..,..,..,42.8300018310547,..,..
Russian Federation,RUS,High-technology exports (% of manufactured exports),TX.VAL.TECH.MF.ZS,..,..,..,..,..,..,..,..,..,..,..,..,..,..,..,..,..,..,7.19003040640838,6.97848830225968,9.68372100443805,9.42324237619253,8.42178106569456,9.08148979631111,10.6336135964435,12.1254086015011,15.992066533226,15.7901190501232,12.3246991949294,11.3552822642706,12.9053155381414,9.19363897787208,9.72984772707015,..,..
Russian Federation,RUS,Medium and high-tech manufacturing value added (% manufacturing value added),NV.MNF.TECH.ZS.UN,..,33.6386982682712,33.6386982682712,33.7366123834805,33.6383220217275,35.2582136039385,29.1914570750323,32.8315350098439,30.9028171620629,30.9263827315957,32.2327607613623,32.6534681413884,32.2397550533316,23.0417450268127,26.9837824271763,24.8091854423925,22.4525135885425,21.8825580148952,22.4232638356417,24.5535973217297,23.1414627016776,25.0367582398118,24.7088822863521,26.5352626904543,24.6292653403208,25.5664329864047,28.5618310090306,28.2517611901484,32.2806034491621,29.58304543725,31.2369800992428,32.7576896797991,34.866895150744,34.8668951522736,..
Russian Federation,RUS,Scientific and technical journal articles,IP.JRN.ARTC.SC,..,..,..,..,..,..,..,34671.81,33775.49,34621.11,32578.24,32706.64,36554.8,36335.6,34851.82,35079.43,34561.84,30269.91,30957.09,32732.4,33541.86,34294.25,36397.08,36531.93,38952.94,44778.75,51956.58,61137.3,68641.1,77629.6,90819.89,94909.93,100841.94,84251.73,..
